{"train/loss": 7.993696212768555, "global_step": 47, "_timestamp": 1717420117.362873, "_runtime": 315.7442011833191, "_step": 47}